grupo,ticker,simbolo,ok,desde,hasta,filas,filas_2015,gap_max_dias,gaps_gt7,pct_vol0
MGC,AAPL,AAPL,True,2005-01-03,2026-10-02,5472.0,2955.0,5.0,0.0,0.0
MGC,AMZN,AMZN,True,2005-01-03,2026-10-02,5472.0,2955.0,5.0,0.0,0.0
MGC,BAC,BAC,True,2005-01-03,2026-10-02,5472.0,2955.0,5.0,0.0,0.0
MGC,C,C,True,2005-01-03,2026-10-02,5472.0,2955.0,5.0,0.0,0.0
MGC,DIS,DIS,True,2005-01-03,2026-10-02,5472.0,2955.0,5.0,0.0,0.0
MGC,F,F,True,2005-01-03,2026-10-02,5472.0,2955.0,5.0,0.0,0.0
MGC,GE,GE,True,2005-01-03,2026-10-02,5472.0,2955.0,5.0,0.0,0.0
MGC,GOOGL,GOOGL,True,2005-01-03,2026-10-02,5472.0,2955.0,5.0,0.0,0.0
MGC,JNJ,JNJ,True,2005-01-03,2026-10-02,5472.0,2955.0,5.0,0.0,0.0
MGC,JPM,JPM,True,2005-01-03,2026-10-02,5472.0,2955.0,5.0,0.0,0.0
MGC,KO,KO,True,2005-01-03,2026-10-02,5472.0,2955.0,5.0,0.0,0.0
MGC,MA,MA,True,2006-05-25,2026-10-02,5121.0,2955.0,5.0,0.0,0.0
MGC,META,META,True,2012-05-18,2026-10-02,3614.0,2955.0,5.0,0.0,0.0
MGC,MSFT,MSFT,True,2005-01-03,2026-10-02,5472.0,2955.0,5.0,0.0,0.0
MGC,NUCO,NUE,True,2005-01-03,2026-10-02,5472.0,2955.0,5.0,0.0,0.0
MGC,NVDA,NVDA,True,2005-01-03,2026-10-02,5472.0,2955.0,5.0,0.0,0.0
MGC,PBR,PBR,True,2005-01-03,2026-10-02,5472.0,2955.0,5.0,0.0,0.0
MGC,PFE,PFE,True,2005-01-03,2026-10-02,5472.0,2955.0,5.0,0.0,0.0
MGC,TSLA,TSLA,True,2010-06-29,2026-10-02,4091.0,2955.0,5.0,0.0,0.0
MGC,UBER,UBER,True,2019-05-10,2026-10-02,1860.0,1860.0,4.0,0.0,0.0
MGC,V,V,True,2008-03-19,2026-10-02,4665.0,2955.0,5.0,0.0,0.0
MGC,WMT,WMT,True,2005-01-03,2026-10-02,5472.0,2955.0,5.0,0.0,0.0
ETF,CSPX,CSPX.L,True,2010-09-15,2026-10-02,4053.0,2968.0,5.0,0.0,14.2
ETF,EQQQ,EQQQ.L,True,2009-01-02,2026-10-02,4483.0,2968.0,5.0,0.0,2.9
ETF,IB01,IB01.L,True,2019-02-20,2026-10-02,1924.0,1924.0,5.0,0.0,1.6
ETF,ICLN,ICLN,True,2008-06-25,2026-10-02,4597.0,2955.0,5.0,0.0,0.0
ETF,SUWS,SUWS.L,True,2017-10-12,2026-10-02,2262.0,2262.0,12.0,1.0,12.2
LOCAL,AVAL,AVAL.CL,False,,,,,,,
LOCAL,BCOLOMBIA,BCOLOMBIA.CL,False,,,,,,,
LOCAL,BHI,BHI.CL,True,2022-04-19,2026-10-02,1131.0,1131.0,5.0,0.0,8.0
LOCAL,BOGOTA,BOGOTA.CL,True,2005-01-03,2026-10-02,5635.0,3027.0,5.0,0.0,8.9
LOCAL,BVC,BVC.CL,True,2007-07-09,2026-10-02,4979.0,3026.0,5.0,0.0,10.5
LOCAL,CELSIA,CELSIA.CL,True,2005-01-03,2026-10-02,5637.0,3029.0,5.0,0.0,8.2
LOCAL,CEMARGOS,CEMARGOS.CL,True,2005-01-03,2026-10-02,5638.0,3030.0,5.0,0.0,8.4
LOCAL,CNEC,CNEC.CL,True,2010-07-22,2026-10-02,4195.0,3035.0,5.0,0.0,12.0
LOCAL,CORFICOLCF,CORFICOLCF.CL,True,2007-04-03,2026-10-02,5048.0,3026.0,5.0,0.0,7.2
LOCAL,ECOPETROL,ECOPETROL.CL,True,2007-11-28,2026-10-02,4878.0,3027.0,5.0,0.0,6.7
LOCAL,ENKA,ENKA.CL,True,2007-10-02,2026-10-02,4924.0,3032.0,5.0,0.0,30.7
LOCAL,EXITO,EXITO.CL,True,2008-01-02,2026-10-02,4855.0,3029.0,5.0,0.0,8.6
LOCAL,GEB,GEB.CL,True,2009-10-07,2026-10-02,4393.0,3027.0,5.0,0.0,7.0
LOCAL,GRUPOARGOS,GRUPOARGOS.CL,True,2005-01-03,2026-10-02,5635.0,3027.0,5.0,0.0,8.5
LOCAL,GRUPOSURA,GRUPOSURA.CL,True,2005-01-03,2026-10-02,5639.0,3031.0,5.0,0.0,8.8
LOCAL,HCOLSEL,HCOLSEL.CL,True,2014-06-09,2026-10-02,2954.0,2816.0,11.0,2.0,42.0
LOCAL,ISA,ISA.CL,True,2005-01-03,2026-10-02,5634.0,3026.0,5.0,0.0,7.7
LOCAL,MINEROS,MINEROS.CL,True,2005-01-03,2026-10-02,5638.0,3030.0,5.0,0.0,17.6
LOCAL,NUTRESA,NUTRESA.CL,True,2008-01-02,2026-10-02,4854.0,3028.0,5.0,0.0,9.6
LOCAL,PEI,PEI.CL,True,2024-06-18,2026-10-02,523.0,523.0,56.0,1.0,0.0
LOCAL,PFAVAL,PFAVAL.CL,True,2011-05-13,2026-10-02,3976.0,3027.0,5.0,0.0,6.8
LOCAL,PFBCOLOM,PFBCOLOM.CL,False,,,,,,,
LOCAL,PFCEMARGOS,PFCEMARGOS.CL,True,2013-06-06,2026-10-02,3363.0,2953.0,110.0,1.0,7.6
LOCAL,PFCORFICOL,PFCORFICOL.CL,True,2008-01-08,2026-10-02,4851.0,3029.0,5.0,0.0,30.0
LOCAL,PFGRUPOARG,PFGRUPOARG.CL,True,2012-06-08,2026-10-02,3698.0,3029.0,5.0,0.0,7.4
LOCAL,PFSURA,PFGRUPSURA.CL,True,2011-12-06,2026-10-02,3831.0,3029.0,5.0,0.0,9.0
LOCAL,PROMIGAS,PROMIGAS.CL,True,2005-01-03,2026-10-02,5637.0,3029.0,5.0,0.0,35.2
LOCAL,TERPEL,TERPEL.CL,True,2014-08-19,2026-10-02,3127.0,3030.0,5.0,0.0,25.5
NEGRA,CONCONCRET,CONCONCRET.CL,True,2010-12-23,2026-10-02,4074.0,3024.0,5.0,0.0,12.3
NEGRA,ELCONDOR,ELCONDOR.CL,True,2012-04-10,2026-10-02,3758.0,3046.0,5.0,0.0,43.6
NEGRA,ETB,ETB.CL,True,2005-01-03,2026-10-02,5634.0,3026.0,5.0,0.0,8.9
NEGRA,FABRICATO,FABRICATO.CL,True,2005-01-03,2026-10-02,5647.0,3039.0,5.0,0.0,29.4
NEGRA,OCCIDENTE,OCCIDENTE.CL,True,2005-01-03,2026-10-02,5655.0,3047.0,5.0,0.0,59.9
NEGRA,POPULAR,POPULAR.CL,True,2005-01-03,2026-10-02,5658.0,3050.0,4.0,0.0,78.9
NEGRA,VILLAS,VILLAS.CL,True,2005-01-03,2026-10-02,5661.0,3053.0,4.0,0.0,69.7
MACRO,BRENT,BZ=F,True,2007-07-30,2026-10-02,4774.0,2956.0,17.0,1.0,0.3
MACRO,USDCOP,COP=X,True,2005-01-03,2026-10-03,5653.0,3062.0,17.0,2.0,100.0
MACRO,NDX,^NDX,True,2005-01-03,2026-10-02,5472.0,2955.0,5.0,0.0,0.0
MACRO,ICOLCAP,ICOLCAP.CL,True,2013-05-02,2026-10-02,3232.0,2832.0,8.0,1.0,14.1
MACRO,COLCAP,^COLCAP,False,,,,,,,
MACRO,ADR_EC,EC,True,2008-09-18,2026-10-02,4538.0,2955.0,5.0,0.0,0.0
